title,artist,link
Unknown (1960),Robin E. Bownass,___/record/50606?highlight=*:*
Madonna of the Roses (2007),Robin E. Bownass,___/record/99968?highlight=*:*
Standing Male Nudes (1950),Robin E. Bownass,___/record/20808?highlight=*:*
The Misadventure (1989),Robin E. Bownass,___/record/99468?highlight=*:*
Seated Male Nude (1965),Robin E. Bownass,___/record/21291?highlight=*:*
Seated Female Nude (1953),Robin E. Bownass,___/record/20944?highlight=*:*
Untitled - Still Life with Flowers and Pitchers (1963),Robin E. Bownass,___/record/99452?highlight=*:*
Untitled (12 Jun 2014),Robin E. Bownass,___/record/22479?highlight=*:*
Untitled - Snowy Landscape (1962),Robin E. Bownass,___/record/99368?highlight=*:*
Woman Seated (1954),Robin E. Bownass,___/record/21380?highlight=*:*
